url,source
https://foxnews.com/us/student-charged-weapon-recovered-3-teens-targeted-incident-linked-high-school-tradition-police,FoxNews
https://foxnews.com/tech/6-crypto-scam-scripts-criminals-use-steal-your-money,FoxNews
https://foxnews.com/politics/watch-houston-faces-110m-hit-texas-gov-lays-down-law-sanctuary-policies,FoxNews
https://foxnews.com/politics/left-wing-activists-heckle-pro-israel-democrat-haley-stevens-michigan-convention,FoxNews
https://foxnews.com/politics/trump-pushes-back-against-pundits-says-israel-talk-him-iran-war,FoxNews
https://foxnews.com/politics/eric-holder-accuses-gop-stealing-seats-while-defending-fair-democratic-redistricting-push,FoxNews
https://foxnews.com/travel/hidden-danger-popular-us-national-park-forces-trail-closures-bear-sightings-climb,FoxNews
https://foxnews.com/media/expert-predicts-thousands-us-troops-would-needed-secure-irans-highly-enriched-uranium,FoxNews
https://foxnews.com/us/hawaii-tourist-charged-attempted-murder-accused-stabbing-veteran-boat-captain-snorkel-tour,FoxNews
https://foxnews.com/media/fbi-director-kash-patel-files-250-million-lawsuit-against-atlantic-over-defamatory-hit-piece,FoxNews
https://foxnews.com/us/nancy-guthrie-sheriff-pressure-petition-demands-access-united-cajun-navy,FoxNews
https://foxnews.com/media/law-professor-warns-dems-turning-impeachment-unbridled-circus-new-push,FoxNews
https://foxnews.com/media/rotc-cadets-say-training-kicked-old-dominion-university-shooter-killed-heroic-instructor,FoxNews
https://foxnews.com/media/60-minutes-accused-using-catholic-cardinals-push-liberal-agenda-while-ignoring-abortion-stance,FoxNews
https://foxnews.com/politics/lawmakers-demand-answers-scientists-tied-us-secrets-die-vanish,FoxNews
https://foxnews.com/entertainment/brooke-hogan-haunting-regret-hulk-hogans-death,FoxNews
https://foxnews.com/travel/tourists-could-get-slapped-fees-pricey-getaway-looks-cash-even-more,FoxNews
https://foxnews.com/politics/supreme-court-hear-catholic-parishs-challenge-colorado-barred-schools-universal-prek-program,FoxNews
https://foxnews.com/sports/matt-fitzpatrick-perfect-response-usa-ryder-cup-fans-pga-tour-victory,FoxNews
https://foxnews.com/politics/canadas-prime-minister-refers-us-economic-ties-weakness,FoxNews
https://foxnews.com/opinion/trump-panic-broke-democratic-party-fueled-endless-crisis-politics,FoxNews
https://foxnews.com/health/cancer-tied-womans-vaping-habit-since-age-15-shes-now-given-just-months-live,FoxNews
https://foxnews.com/media/top-house-republican-rips-omar-complete-fraud-fraud-crackdown-comments,FoxNews
https://foxnews.com/entertainment/patrick-muldoon-days-lives-melrose-place-star-dead-57-sudden-heart-attack,FoxNews
https://foxnews.com/politics/us-military-announces-another-deadly-strike-narco-terrorists,FoxNews
https://foxnews.com/politics/doj-demands-865k-detroit-ballots-threatening-possible-legal-action,FoxNews
https://foxnews.com/tech/bmw-puts-humanoid-robots-work-building-evs,FoxNews
https://foxnews.com/politics/lutheran-minister-house-candidate-fire-recounting-part-satanist-couples-wedding,FoxNews
https://foxnews.com/politics/supreme-court-blow-trump-admin-launches-166b-tariff-refund-portal,FoxNews
https://foxnews.com/us/distress-call-captures-tanker-under-fire-iran-shuts-strait-hormuz-more-top-headlines,FoxNews
https://foxnews.com/politics/nrcc-reporting-record-471-million-quarter-record-281-million-raised-march,FoxNews
https://foxnews.com/politics/gop-senate-hopeful-michele-tafoya-accuses-walz-ellison-ignoring-minnesota-fraud-scheme,FoxNews
https://foxnews.com/world/massive-7-5-magnitude-earthquake-hits-off-japanese-coast-tsunami-alert-made,FoxNews
https://foxnews.com/us/nypd-investigating-reckless-drag-racing-street-takeover-queens,FoxNews
https://foxnews.com/us/pennsylvania-man-accused-stealing-100-sets-human-remains-appears-court-horror-movie-case,FoxNews
https://foxnews.com/world/distress-call-captures-tanker-fire-iran-shuts-hormuz-trapping-thousands-sailors,FoxNews
https://radio.foxnews.com/2026/04/20/viral-singer-d4vd-in-custody-as-investigation-continues-into-teens-death/,FoxNews
https://radio.foxnews.com/2026/04/20/u-s-attacks-iranian-ship-as-shaky-ceasefire-blows-up-and-murderous-dictators-say-theyre-nowhere-near-a-deal/,FoxNews
https://radio.foxnews.com/2026/04/20/restitution-and-the-rule-of-law/,FoxNews
https://radio.foxnews.com/2026/04/20/legal-battle-grows-over-virginia-redistricting-plan/,FoxNews
https://foxnews.com/world/two-us-embassy-personnel-killed-accident-mexico-ambassador-says,FoxNews
https://foxnews.com/us/survey-finds-nearly-one-third-long-island-residents-say-jews-move-holocaust,FoxNews
https://foxnews.com/world/hezbollah-human-shield-strategy-behind-lebanon-ambush-bomb-detonation-macron-drawn,FoxNews
https://foxnews.com/world/slain-iranian-nuclear-scientists-raises-alarm-uranium-expertise-reaching-black-market,FoxNews
https://foxnews.com/world/uk-chief-rabbi-says-jews-targeted-sustained-campaign-violence-intimidation-string-attacks,FoxNews
https://foxnews.com/politics/california-regulators-kill-charity-fireworks-americas-250th-sparking-outrage,FoxNews
https://foxnews.com/us/8-children-dead-mass-shooting-began-domestic-dispute-police-say,FoxNews
https://foxnews.com/tech/iphone-samsung-flashlight-tricks-know,FoxNews
https://foxnews.com/us/feds-arrest-iranian-woman-lax-allegedly-brokering-weapons-sales-islamic-regime,FoxNews
https://foxnews.com/us/several-university-iowa-students-wounded-downtown-shooting-fight-erupts-near-campus,FoxNews
https://foxnews.com/politics/trump-ally-digenova-tapped-lead-doj-probe-brennan-over-russia-probe-origins,FoxNews
https://foxnews.com/tech/dont-need-ssn-open-credit-card-scammers-know,FoxNews
https://foxnews.com/us/cold-case-breakthrough-solves-teen-killing-suspect-lived-free-decades-better-afraid,FoxNews
https://foxnews.com/world/trump-criticizes-spain-amid-iran-nato-rift-pm-sanchez-faces-questions-over-political-motives,FoxNews
https://foxnews.com/us/hundreds-activists-face-pepper-spray-violent-clash-deputies-wisconsin-beagle-research-facility,FoxNews
https://foxnews.com/politics/trump-renews-bridge-power-plant-threat-against-iran-push-deal-mocks-tough-guy-irgc,FoxNews
https://foxnews.com/us/string-scientist-deaths-vanishings-fuels-expert-talks-shadow-ops-silenced-secrets-serious,FoxNews
https://foxnews.com/politics/vance-says-hes-grateful-pope-leos-statement-wanting-public-debate-trump,FoxNews
https://foxnews.com/tech/chinese-robot-breaks-human-world-record-beijing-half-marathon,FoxNews
https://foxnews.com/politics/obama-mamdani-sing-wheels-bus-bronx-kids-first-joint-appearance-video,FoxNews
https://foxnews.com/us/nyc-teen-shot-dead-queens-basketball-court-bystanders-filmed-police-searching-gunman,FoxNews
https://foxnews.com/world/moscow-born-gunman-dead-kyiv-shooting-rampage-leaves-least-6-dead-14-wounded-zelenskyy,FoxNews
https://foxnews.com/politics/rubio-targets-nicaraguan-official-alleged-torture-tied-brutal-ortega-regime,FoxNews
https://foxnews.com/tech/one-thing-scammers-check-targeting-online,FoxNews
https://foxnews.com/tech/mexicos-climate-supercomputer-could-change-forecasting,FoxNews
https://foxnews.com/us/lego-bandit-accused-bizarre-34k-scheme-replacing-minifigures-pasta,FoxNews
https://foxnews.com/world/pope-leo-says-remarks-world-ravaged-handful-tyrants-aimed-trump-report,FoxNews
https://foxnews.com/us/airline-worker-stole-plane-performed-barrel-roll-deadly-crash-inside-final-moments,FoxNews
https://foxnews.com/politics/walz-rips-trump-vance-europe-says-feeble-minded-trigger-happy-president-exit-plan-iran,FoxNews
https://foxnews.com/politics/ilhan-omars-office-says-shes-millionaire-30m-filing-revised-100k-report,FoxNews
https://foxnews.com/politics/us-navy-releases-photos-fresh-meals-pushes-back-reports-food-shortages-middle-east-warships,FoxNews
https://foxnews.com/politics/newsom-administration-knew-2b-california-budget-error-months-report,FoxNews
https://foxnews.com/politics/trump-signs-executive-order-directing-fda-review-psychedelics-designated-breakthrough-therapy-drugs,FoxNews
https://foxnews.com/politics/kagan-screamed-so-loudly-liberal-ally-after-dobbs-leak-wall-shaking-book-claims,FoxNews
https://foxnews.com/us/2-us-army-soldiers-alaska-injured-bear-attack-training-exercise,FoxNews
https://foxnews.com/us/orange-crush-festival-returns-tybee-island-police-brace-50000-partiers-teen-takeover-gunfire,FoxNews
https://foxnews.com/us/renowned-physicist-alarmed-unheard-number-scientists-dying-vanishing-white-houses-radar,FoxNews
https://foxnews.com/world/trumps-favorite-field-marshal-who-pakistans-powerful-army-chief-asim-munir-deep-intel-ties,FoxNews
https://foxnews.com/us/air-force-academys-culex-thousands-cadets-realistic-24-hour-combat-simulation,FoxNews
https://foxnews.com/world/alleged-irish-cartel-boss-arrested-covert-operation-organized-crime-charges-years-long-manhunt,FoxNews
https://foxnews.com/us/skeletal-remains-found-hikers-washington-state-woods-identified-woman-missing-since-2024,FoxNews
https://foxnews.com/us/two-boys-dead-illegal-immigrant-mexico-allegedly-drove-drunk-hit-sidewalk,FoxNews
https://foxnews.com/world/escaped-wolf-neukgu-returned-south-korean-zoo-nine-day-search-involving-thermal-imaging-drones,FoxNews
https://foxnews.com/world/brides-sister-law-douses-black-paint-moments-ceremony-horrifying-revenge-attack,FoxNews
https://foxnews.com/us/fox-news-true-crime-newsletter-brian-hooker-release-tyler-robinson-atf-report-dna-guthrie-case,FoxNews
https://foxnews.com/us/one-million-bees-swarm-highway-crash-shuts-interstate-ramp-hours,FoxNews
https://foxnews.com/us/daughter-missing-american-bahamas-says-brian-hooker-using-mothers-illness-excuse-leave-country,FoxNews
https://foxnews.com/tech/scammers-target-grieving-victims-online-games,FoxNews
https://foxnews.com/tech/ai-newsletter-tech-company-cuts-1000-jobs-ai-driven-restructuring,FoxNews
https://foxnews.com/tech/mark-zuckerbergs-meta-ai-getting-smart,FoxNews
https://foxnews.com/world/australia-decorated-veteran-walks-free-bail-war-crimes-charges-related-afghan-deaths,FoxNews
https://foxnews.com/world/starmer-macron-accused-playing-being-relevant-strait-hormuz-plan,FoxNews
https://foxnews.com/world/report-details-rising-pressure-underground-catholics-china-denies-crackdown,FoxNews
https://foxnews.com/tech/meta-employee-accused-accessing-private-images,FoxNews
https://foxnews.com/world/south-african-ex-police-chief-gets-tissue-stuck-forehead-sweating-corruption-inquiry,FoxNews
https://foxnews.com/tech/new-fbi-warning-reveals-phishing-attacks-hitting-private-chats,FoxNews
https://foxnews.com/world/trump-predicted-israel-lebanon-leaders-would-speak-tomorrow-beirut-shut-down-ceasefire-emerges,FoxNews
https://foxnews.com/world/russian-missiles-drones-bombard-ukraine-hourslong-attack-death-toll,FoxNews
https://foxnews.com/world/hungarys-new-leader-once-idolized-orban-now-hes-man-who-brought-him-down,FoxNews
https://foxnews.com/world/iran-execute-first-female-protester-tied-anti-regime-unrest,FoxNews
https://foxnews.com/world/allies-rush-thousands-drones-ukraine-russia-unleashes-deadly-missile-barrages,FoxNews
https://foxnews.com/world/un-filing-accuses-uk-forced-displacement-diego-garcia-tensions-security-fears-grow,FoxNews
https://foxnews.com/world/nine-dead-13-wounded-second-turkish-mass-shooting-two-days,FoxNews
https://foxnews.com/world/iran-shifts-20m-barrels-through-dark-offshore-oil-network-bypassing-us-port-blockade-firm-says,FoxNews
https://foxnews.com/tech/5-worrisome-privacy-clauses-hidden-smart-home-devices,FoxNews
https://foxnews.com/tech/roblox-adds-age-based-accounts-kids-teens,FoxNews
https://foxnews.com/tech/why-your-home-wi-fi-needs-more-than-just-strong-password,FoxNews
https://foxnews.com/tech/phone-free-restaurants-trending-across-us,FoxNews
https://foxnews.com/tech/ai-now-powering-cyberattacks-microsoft-warns,FoxNews
https://foxnews.com/tech/smart-travel-safety-tips-before-your-next-trip,FoxNews
https://foxnews.com/tech/identity-theft-losses-surge-70-older-americans,FoxNews
https://foxnews.com/tech/toyota-joins-hydrogen-truck-alliance-push,FoxNews
https://foxnews.com/tech/remove-personal-info-web-stop-coming-back,FoxNews
https://foxnews.com/tech/samsung-messages-ending-android-owners-must-know,FoxNews
https://foxnews.com/tech/google-search-led-costly-scam-call,FoxNews
https://foxnews.com/tech/ai-newsletter-lowes-250m-bet-blue-collar-jobs-ai-cant,FoxNews
https://foxnews.com/tech/ai-chatbots-refilling-psych-meds-sparks-debate,FoxNews
https://foxnews.com/tech/humanoid-robots-hit-mass-production-china,FoxNews
https://privacy.foxnews.com/main/web/main,FoxNews
https://nation.foxnews.com/watch/024d8292b6721ac467707d5ccec7cd2e/,FoxNews
https://help.foxnews.com/hc/en-us,FoxNews
https://foxnews.com/us/wave-alleged-migrant-murders-ignites-fury-across-us-officials-warn-carnage-crackdown-needed,FoxNews
https://foxnews.com/travel/travelers-may-slapped-ridiculous-new-fees-popular-city-seeks-millions-per-year,FoxNews
https://foxnews.com/travel/travelers-clash-over-whether-cruise-lines-should-allow-dogs-cats-board-not,FoxNews
https://foxnews.com/travel/park-rangers-unearth-200-year-old-shipwreck-remote-island-dubbed-graveyard-atlantic,FoxNews
https://foxnews.com/travel/long-lines-form-tribal-gas-stations-drivers-chase-steep-discounts-amid-high-fuel-costs,FoxNews
https://foxnews.com/travel/cant-drive-5-iconic-us-landmarks-thats-makes-unforgettable,FoxNews
https://foxnews.com/travel/america-250-events-taking-place-summer-called-once-in-a-lifetime-travel-opportunities,FoxNews
https://foxnews.com/story/where-in-the-world-is-fox,FoxNews
https://foxnews.com/story/foxnews-com-rss-feeds,FoxNews
https://foxnews.com/sports/usa-womens-hockey-sings-national-anthem-arm-arm-olympic-gold-win-best-part,FoxNews
https://foxnews.com/sports/tyler-reddick-michael-jordan-find-victory-lane-kansas,FoxNews
https://foxnews.com/sports/police-report-details-zachariah-branchs-arrest-days-nfl-draft-sidewalk-incident,FoxNews
https://foxnews.com/sports/new-jersey-gov-mikie-sherrill-rips-fifa-reports-nj-transit-tickets-world-cup-100,FoxNews
https://foxnews.com/sports/max-homas-spoiled-golfer-comment-comes-back-haunt-rbc-heritage-club-throwing-meltdown,FoxNews
https://foxnews.com/sports/2026-indycar-odds-long-beach-grand-prix,FoxNews
https://foxnews.com/sports/2025-26-nba-playoff-odds-spreads-lines-play-in-first-round-series,FoxNews
https://foxnews.com/sports/2025-2026-nba-championship-odds,FoxNews
https://foxnews.com/science/nasas-artemis-follow-mission-right-around-corner-successful-lunar-flight,FoxNews
https://foxnews.com/politics/spanberger-signs-gun-bills-makes-proposed-gun-ban-even-harsher,FoxNews
https://foxnews.com/politics/politics-cartoons-slideshow,FoxNews
https://foxnews.com/politics/fox-news-politics-newsletter-trump-declares-himself-venezuelas-acting-president,FoxNews
https://foxnews.com/politics/fox-news-politics-newsletter-jeffries-slams-noem-over-minneapolis-shooting-response,FoxNews
https://foxnews.com/politics/fox-news-politics-newsletter-aoc-accuses-vance-of-believing-american-people-should-be-assassinated,FoxNews
https://foxnews.com/politics/boston-mayor-denies-funding-lgbtq-migrant-wellness-perks-after-program-touts-up-500-benefits,FoxNews
https://foxnews.com/person/personalities,FoxNews
https://foxnews.com/outkick-sports/paige-bueckers-azzi-fudd-finally-acknowledge-dallas-wings-awkward-pr-shutdown,FoxNews
https://foxnews.com/outkick-sports/kyle-busch-sends-denny-hamlin-chilling-threat-nascar,FoxNews
https://foxnews.com/outkick-culture/seal-team-6-member-reveals-epic-details-osama-bin-laden-raid,FoxNews
https://foxnews.com/outkick-culture/ivanka-trump-angry-libs-high-alert-slides-amazing-dress-waffle-house-chaos-meat,FoxNews
https://foxnews.com/outkick-culture/donald-trump-makes-odd-hair-comment-danica-patrick-tpusa-event,FoxNews
https://foxnews.com/opinion/went-masters-witnessed-something-amazing-nothing-golf,FoxNews
https://foxnews.com/opinion/top-democrat-governors-hoping-ride-records-white-house-can-they,FoxNews
https://foxnews.com/opinion/stop-trusting-political-parties-to-save-urban-america-its-time-for-us-to-rise-and-rebuild,FoxNews
https://foxnews.com/opinion/nine-words-need-say-change-relationships-good,FoxNews
https://foxnews.com/opinion/mary-katharine-ham-republicans-huge-maha-opportunity-2026-dont-blow,FoxNews
https://foxnews.com/opinion/iran-fake-jesus-image-trump-facing-growing-backlash-inflammatory-rhetoric,FoxNews
https://foxnews.com/opinion/gordon-sondland-stay-course-iran-president-trump-breaking-horse,FoxNews
https://foxnews.com/opinion/david-marcus-patriotic-team-usa-wins-gold-anti-america-whiners-flop,FoxNews
https://foxnews.com/opinion/dana-perino-purple-state-reveals-lifes-biggest-choices-personal-not-political,FoxNews
https://foxnews.com/opinion/chicagos-deadly-sanctuary-madness-costing-innocent-americans-lives,FoxNews
https://foxnews.com/opinion/chicago-bulls-cut-conduct-cut-conviction-conscience,FoxNews
https://foxnews.com/media/waltz-says-trump-has-created-best-chance-our-lifetime-break-hezbollahs-grip-lebanon,FoxNews
https://foxnews.com/media/socialism-save-seattle-city-advocates-struggle-find-solutions-homeless-drug-addicts-flood-streets,FoxNews
https://foxnews.com/media/ohio-teacher-sues-high-school-demanding-he-remove-lgbt-poster-inside-classroom,FoxNews
https://foxnews.com/media/ny-times-reporter-loses-job-over-hot-tub-photos-nfl-coach-does-not-same-old-double-standard-story,FoxNews
https://foxnews.com/media/nepo-babies-irans-regime-exposes-lavish-lives-iranian-leaders-children-living-west,FoxNews
https://foxnews.com/media/man-who-claims-he-took-iconic-napalm-girl-photo-speaks-out-ap-stands-photographer-credited-decades,FoxNews
https://foxnews.com/media/fun-fact-africa-larger-than-u-s-china-india-mexico-most-europe-combined,FoxNews
https://foxnews.com/media/exclusive-indiana-school-counselor-fired-speaking-out-gender-identity-policy-settles-lawsuit-200k,FoxNews
https://foxnews.com/media/elon-musk-fulfills-teens-last-wish-touching-x-post-after-weak-take-call,FoxNews
https://foxnews.com/media/duke-suspends-students-justice-palestine-following-complaints-over-antisemitic-instagram-post,FoxNews
https://foxnews.com/media/detransitioner-confronted-california-lawmaker-on-the-harms-gender-transition-heres-why-he-spoke-out,FoxNews
https://foxnews.com/media/david-cross-doesnt-give-f-actor-comedian-new-special-social-media-terrifying-ai,FoxNews
https://foxnews.com/media/catholic-brothers-launch-faith-based-ai-alternative-biased-silicon-valley-chatbots,FoxNews
https://foxnews.com/media/ap-stands-photographer-new-netflix-doc-disputes-credit-iconic-napalm-girl-photo-from-vietnam-war,FoxNews
https://foxnews.com/media/60-minutes-accused-using-left-leaning-cardinals-bait-trump-feud-vatican,FoxNews
https://foxnews.com/lifestyle/ivanka-trump-bettina-andersons-close-bond-display-mar-a-lago-bridal-shower,FoxNews
https://foxnews.com/lifestyle/american-culture-quiz-test-yourself-fast-food-frenzy-aviation-advantages,FoxNews
https://foxnews.com/health/womans-cancer-battle-takes-unbelievable-turn-when-her-dog-gets-same-diagnosis,FoxNews
https://foxnews.com/health/trump-backed-plan-could-fast-track-psychedelic-therapies-heres-what-know,FoxNews
https://foxnews.com/health/high-salt-intake-linked-faster-memory-decline-one-group-study-finds,FoxNews
https://foxnews.com/health/experts-reveal-nonnamaxxing-trend-may-improve-mental-physical-health,FoxNews
https://foxnews.com/games/word-search,FoxNews
https://foxnews.com/games/sudoku,FoxNews
https://foxnews.com/games/scattergories-daily,FoxNews
https://foxnews.com/games/mini-crossword-puzzle,FoxNews
https://foxnews.com/games/lil-snack-word-swap,FoxNews
https://foxnews.com/games/lil-snack-downwords,FoxNews
https://foxnews.com/games/icon-match-puzzle,FoxNews
https://foxnews.com/games/daily-crossword-puzzle,FoxNews
https://foxnews.com/games/5-across-word-game,FoxNews
https://foxnews.com/food-drink/restaurants-ban-diners-phones-meals-no-scroll-trend-grows-put-away-else,FoxNews
https://foxnews.com/food-drink/popular-burger-chain-built-university-train-future-leaders,FoxNews
https://foxnews.com/food-drink/paleo-diet-leader-bans-caveman-label-says-eating-plan-widely-misunderstood,FoxNews
https://foxnews.com/food-drink/las-vegas-foodie-earns-guinness-world-record-after-eating-28-top-restaurants-24-hour-sprint,FoxNews
https://foxnews.com/food-drink/forget-90-vegas-buffets-americas-top-rated-spots-deliver-eat-less,FoxNews
https://foxnews.com/food-drink/chick-fil-a-copycat-recipe-revealed-ceo-shares-ingredient-makes-taste-like-original,FoxNews
https://foxnews.com/entertainment/your-friends-neighbors-star-jon-hamm-admits-he-showed-his-real-butt-nude-scene,FoxNews
https://foxnews.com/entertainment/three-dog-night-chuck-negron-voice-behind-joy-world-dead-83,FoxNews
https://foxnews.com/entertainment/susan-lucci-says-playboy-magazine-tipped-her-off-she-lost-coveted-bond-girl-role,FoxNews
https://foxnews.com/entertainment/strokes-end-coachella-weekend-two-set-politically-charged-video-targeting-cia-us-government,FoxNews
https://foxnews.com/entertainment/oprah-winfrey-kim-kardashian-how-bing-crosby-inspired-canadian-tuxedo-stars-keep-trend-alive,FoxNews
https://foxnews.com/entertainment/morgan-wallen-pokes-fun-ella-langleys-onstage-mix-repeats,FoxNews
https://foxnews.com/entertainment/mark-wahlberg-admits-hollywood-fame-comes-baggage-his-kids,FoxNews
https://foxnews.com/entertainment/kathy-ireland-says-faith-god-guiding-shocking-betrayal-former-managers,FoxNews
https://foxnews.com/entertainment/joseph-duggars-words-could-come-back-haunt-child-molestation-case-experts,FoxNews
https://foxnews.com/entertainment/johnny-knoxville-shocks-suburbs-epic-explosion-southern-california-locals-mistook-plane-crash,FoxNews
https://foxnews.com/entertainment/former-disney-teen-star-exposes-chilling-warning-signs-predatory-behavior-hollywood,FoxNews
https://foxnews.com/entertainment/facts-life-star-reveals-cancer-battle-after-social-media-hiatus,FoxNews
https://foxnews.com/entertainment/country-music-don-schlitz-kenny-rogers-the-gambler-dead-73,FoxNews
https://foxnews.com/entertainment/alec-baldwin-ordered-face-civil-trial-over-fatal-rust-shooting-report,FoxNews
https://foxnews.com/category/world/world-regions/canada,FoxNews
https://foxnews.com/category/world/united-nations,FoxNews
https://foxnews.com/category/world/terrorism,FoxNews
https://foxnews.com/category/world/scandals,FoxNews
https://foxnews.com/category/world/religion,FoxNews
https://foxnews.com/category/world/personalities/british-royals,FoxNews
https://foxnews.com/category/world/global-economy,FoxNews
https://foxnews.com/category/world/conflicts,FoxNews
https://foxnews.com/category/world,FoxNews
https://foxnews.com/category/us/terror,FoxNews
https://foxnews.com/category/us/personal-freedoms/america-together,FoxNews
https://foxnews.com/category/us/personal-freedoms,FoxNews
https://foxnews.com/category/us/new-york-city,FoxNews
https://foxnews.com/category/us/military,FoxNews
https://foxnews.com/category/us/luigi-mangione,FoxNews
https://foxnews.com/category/us/immigration,FoxNews
https://foxnews.com/category/us/houston-and-galveston,FoxNews
https://foxnews.com/category/us/digital-originals,FoxNews
https://foxnews.com/category/us/campus-radicals,FoxNews
https://foxnews.com/category/us/blue-city-crime,FoxNews
https://foxnews.com/category/us,FoxNews
https://foxnews.com/category/travel/general/travel-safety,FoxNews
https://foxnews.com/category/travel,FoxNews
https://foxnews.com/category/tech/topics/security,FoxNews
https://foxnews.com/category/tech/topics/military-tech,FoxNews
https://foxnews.com/category/tech/topics/innovation,FoxNews
https://foxnews.com/category/tech/artificial-intelligence,FoxNews
https://foxnews.com/category/sports/ufc,FoxNews
https://foxnews.com/category/sports/tennis,FoxNews
https://foxnews.com/category/sports/nhl,FoxNews
https://foxnews.com/category/sports/nfl-draft,FoxNews
https://foxnews.com/category/sports/nfl,FoxNews
https://foxnews.com/category/sports/ncaa-fb,FoxNews
https://foxnews.com/category/sports/nba,FoxNews
https://foxnews.com/category/sports/mlb,FoxNews
https://foxnews.com/category/sports/golf,FoxNews
https://foxnews.com/category/science/wild-nature,FoxNews
https://foxnews.com/category/science/planet-earth,FoxNews
https://foxnews.com/category/science/archaeology,FoxNews
https://foxnews.com/category/science/air-and-space,FoxNews
https://foxnews.com/category/politics/senate/republicans,FoxNews
https://foxnews.com/category/politics/senate,FoxNews
https://foxnews.com/category/politics/minnesota-fraud-exposed,FoxNews
https://foxnews.com/category/politics/judiciary/supreme-court,FoxNews
https://foxnews.com/category/politics/judiciary,FoxNews
https://foxnews.com/category/politics/house-of-representatives,FoxNews
https://foxnews.com/category/politics/foreign-policy,FoxNews
https://foxnews.com/category/politics/elections/democratic-convention,FoxNews
https://foxnews.com/category/politics/elections,FoxNews
https://foxnews.com/category/politics/defense/wars/war-with-iran,FoxNews
https://foxnews.com/category/politics,FoxNews
https://foxnews.com/category/person/tyler-robinson,FoxNews
https://foxnews.com/category/person/sydney-sweeney,FoxNews
https://foxnews.com/category/person/prince-andrew,FoxNews
https://foxnews.com/category/person/mark-wahlberg,FoxNews
https://foxnews.com/category/person/elon-musk,FoxNews
https://foxnews.com/category/person/donald-trump,FoxNews
https://foxnews.com/category/outkick/outkick-sports,FoxNews
https://foxnews.com/category/outkick/outkick-culture,FoxNews
https://foxnews.com/category/organization/wwe,FoxNews
https://foxnews.com/category/opinion/media,FoxNews
https://foxnews.com/category/opinion,FoxNews
https://foxnews.com/category/media/fox-news-flash,FoxNews
https://foxnews.com/category/media,FoxNews
https://foxnews.com/category/lifestyle/food,FoxNews
https://foxnews.com/category/lifestyle,FoxNews
https://foxnews.com/category/health/sleep-disorders,FoxNews
https://foxnews.com/category/health/nutrition-and-fitness/weight-loss,FoxNews
https://foxnews.com/category/health/mental-health,FoxNews
https://foxnews.com/category/health/heart-health,FoxNews
https://foxnews.com/category/health/healthy-living/longevity,FoxNews
https://foxnews.com/category/health/healthy-living,FoxNews
https://foxnews.com/category/health/cancer,FoxNews
https://foxnews.com/category/health/brain-health,FoxNews
https://foxnews.com/category/food-drink,FoxNews
https://foxnews.com/category/features/exclusive,FoxNews
https://foxnews.com/category/environment,FoxNews
https://foxnews.com/category/entertainment/music,FoxNews
https://foxnews.com/category/entertainment/movies,FoxNews
https://foxnews.com/category/entertainment/genres/reality,FoxNews
https://foxnews.com/category/entertainment/genres/country,FoxNews
https://foxnews.com/category/entertainment/events/in-court,FoxNews
https://foxnews.com/category/entertainment,FoxNews
https://foxnews.com/category/disasters,FoxNews
https://foxnews.com/category/crime,FoxNews
https://foxnews.com/category/columns/elections-newsletter,FoxNews
https://foxnews.com/category/auto/nascar,FoxNews
https://foxnews.com/category/auto/indycar,FoxNews
https://nbcnews.com/news/us-news/what-we-know-louisiana-shooting-8-children-dead-rcna340963,NBC
https://nbcnews.com/business/personal-finance/rock-paper-scissors-tournament-rcna332263,NBC
https://nbcnews.com/politics/supreme-court/supreme-court-takes-catholic-objection-colorados-preschool-program-rcna331596,NBC
https://nbcnews.com/world/israel/israeli-soldier-jesus-statue-lebanon-damage-netanyahu-condemns-rcna340942,NBC
https://nbcnews.com/health/health-news/chatbots-offer-problematic-cancer-vaccines-5g-advice-study-rcna332068,NBC
https://nbcnews.com/world/united-kingdom/british-police-are-probing-shadowy-islamic-group-arson-spree-jewish-si-rcna340875,NBC
https://nbcnews.com/business/markets/oil-prices-jump-renewed-tensions-strait-hormuz-rcna340901,NBC
https://nbcnews.com/politics/justice-department/trump-loyalist-joe-digenova-leading-grand-conspiracy-probe-rcna340861,NBC
https://nbcnews.com/politics/elections/justice-department-demands-michigan-county-turn-2024-ballots-rcna340891,NBC
https://nbcnews.com/world/lebanon/lebanon-ceasefire-people-displaced-israeli-strikes-return-left-homes-rcna340766,NBC
https://nbcnews.com/politics/politics-news/nyc-mayor-zohran-mamdani-relationship-trump-rcna340810,NBC
https://nbcnews.com/politics/donald-trump/poll-trumps-approval-rating-hits-second-term-low-economy-iran-war-rcna331462,NBC
https://nbcnews.com/world/iran/iran-distance-peace-deal-hormuz-closure-halts-shipping-rcna340846,NBC
https://nbcnews.com/world/hungary/absolute-cinema-life-orban-hungarys-new-leader-takes-authoritarian-sta-rcna332300,NBC
https://nbcnews.com/world/china/humanoid-robots-race-humans-beijing-half-marathon-showing-rapid-advanc-rcna340842,NBC
https://nbcnews.com/politics/2026-election/elizabeth-warren-graham-platner-maine-democratic-senate-primary-rcna340795,NBC
https://nbcnews.com/politics/donald-trump/trump-voters-say-pope-stay-lane-fight-iran-war-rcna331604,NBC
https://nbcnews.com/politics/trump-administration/appeals-court-construction-trump-white-house-ballroom-rcna340814,NBC
https://nbcnews.com/world/pope-leo-xiv/war-words-iran-pope-leo-says-not-interested-debate-trump-rcna340780,NBC
https://nbcnews.com/world/africa/us-sanctions-firms-allegedly-recruiting-colombian-mercenaries-sudan-rcna340773,NBC
https://nbcnews.com/world/russia/putins-new-critics-celebrity-influencers-warning-russians-might-snap-rcna332146,NBC
https://nbcnews.com/world/iran/iran-reimposes-strict-control-strait-hormuz-citing-continued-us-naval-rcna340765,NBC
https://nbcnews.com/politics/2026-election/republicans-rush-close-gap-final-stretch-virginia-redistricting-rcna331803,NBC
https://nbcnews.com/world/united-kingdom/starmers-mandelson-nightmare-never-ends-time-may-cost-job-uk-leader-rcna340763,NBC
https://nbcnews.com/politics/donald-trump/trump-irs-talks-resolve-10-billion-lawsuit-tax-records-leak-rcna333854,NBC
https://nbcnews.com/politics/donald-trump/trump-says-review-ufo-files-found-interesting-documents-rcna333389,NBC
https://nbcnews.com/politics/2026-election/maine-governor-janet-mills-undecided-signing-bill-banning-data-centers-rcna332400,NBC
https://nbcnews.com/politics/politics-news/iran-war-collides-mamdanis-message-high-costs-politics-desk-rcna332395,NBC
https://nbcnews.com/politics/congress/congress-isnt-enough-protect-staff-sexual-misconduct-lawmakers-say-rcna332380,NBC
https://nbcnews.com/pop-culture/pop-culture-news/caroline-kennedy-was-laughing-hard-portrayal-love-story-son-jack-schlo-rcna332353,NBC
https://nbcnews.com/politics/trump-administration/trump-expected-nominate-ousted-fema-chief-cameron-hamilton-rcna332314,NBC
https://nbcnews.com/business/markets/oil-prices-plunge-stocks-jump-hormuz-open-iran-war-rcna332321,NBC
https://nbcnews.com/world/pope-leo-xiv/pope-leo-xiv-greeted-crowd-cameroon-attacks-uneven-distribution-rcna332305,NBC
https://nbcnews.com/tech/security/was-detained-ramadan-eight-days-later-family-collected-body-rcna265834,NBC
https://nbcnews.com/politics/politics-news/acting-ice-director-todd-lyons-leaving-department-homeland-security-rcna332282,NBC
https://nbcnews.com/politics/2026-election/democrat-analilia-mejia-wins-new-jersey-special-house-election-rcna267426,NBC
https://nbcnews.com/science/space/artemis-ii-astronauts-describe-return-earth-nasa-moon-mission-rcna331910,NBC
https://nbcnews.com/health/health-news/kennedy-announces-policy-changes-faces-criticism-house-hearings-rcna332249,NBC
https://nbcnews.com/politics/trump-administration/hegseth-attacks-unpatriotic-media-compares-reporters-jewish-biblical-g-rcna332227,NBC
https://nbcnews.com/business/media/david-ellison-paramount-warner-bros-discovery-merger-cinemacon-rcna332223,NBC
https://nbcnews.com/world/middle-east/trump-announces-israel-lebanon-ceasefire-hezbollah-rcna331999,NBC
https://nbcnews.com/news/us-news/navy-reservist-caught-murder-wife-rcna332147,NBC
https://nbcnews.com/world/ukraine/russia-drone-missile-attack-ukraine-kyiv-iran-war-air-defenses-rcna332101,NBC
https://nbcnews.com/tech/tech-news/age-verification-laws-advocates-express-concerns-rcna331835,NBC
https://nbcnews.com/business/markets/sp-500-hits-new-high-iran-war-rcna331900,NBC
https://nbcnews.com/tech/tech-news/allbirds-buzzy-shoe-startup-pivots-ai-rcna331943,NBC
https://nbcnews.com/world/africa/pope-leo-trump-feud-iran-war-algeria-africa-trip-st-augustine-rcna331680,NBC
https://nbcnews.com/business/economy/justice-department-tour-fed-renovation-rcna331878,NBC
https://nbcnews.com/science/space/nasa-investigates-artemis-ii-spacecraft-heat-shield-rcna331593,NBC
https://nbcnews.com/business/markets/oil-prices-may-starting-come-worrisome-reason-rcna331690,NBC
https://nbcnews.com/business/business-news/trump-crypto-world-liberty-justin-sun-rcna331555,NBC
https://nbcnews.com/business/media/hollywood-letter-paramount-warner-bros-merger-rcna331499,NBC
https://nbcnews.com/business/markets/oil-prices-surge-trump-says-us-will-blockade-strait-hormuz-rcna330824,NBC
https://nbcnews.com/news/us-news/artemis-ii-astronauts-speak-after-nasa-flight-moon-rcna301628,NBC
https://nbcnews.com/science/space/photos-nasa-artemis-ii-moon-mission-rcna266561,NBC
https://nbcnews.com/health/health-news/americans-are-eating-meat-industrys-health-claims-rcna267122,NBC
https://nbcnews.com/science/space/artemis-ii-astronauts-return-nasa-moon-mission-rcna273651,NBC
https://nbcnews.com/tech/innovation/ai-store-sf-san-francisco-bay-area-andon-labs-market-boss-rcna267013,NBC
https://nbcnews.com/business/economy/march-inflation-report-iran-war-gas-prices-rcna267535,NBC
https://nbcnews.com/politics/donald-trump/president-bashes-maga-media-figures-iran-war-criticism-tucker-carlson-rcna267716,NBC
https://nbcnews.com/science/space/artemis-ii-nasa-moon-mission-landing-heat-shield-risk-rcna267170,NBC
https://nbcnews.com/science/science-news/chimpanzee-study-infighting-violent-attacks-rcna267179,NBC
https://nbcnews.com/sports/nfl/justice-department-investigating-nfl-subscription-fees-source-says-rcna267454,NBC
https://nbcnews.com/business/energy/oil-prices-iran-ceasefire-doubts-rcna267421,NBC
https://nbcnews.com/business/economy/trump-tax-law-tips-overtime-social-security-outcome-wealthy-reality-rcna266612,NBC
https://nbcnews.com/news/us-news/coast-guard-opens-criminal-investigation-american-woman-missing-bahama-rcna267373,NBC
https://nbcnews.com/data-graphics/gas-prices-iran-war-state-national-cost-trump-rcna265835,NBC
https://nbcnews.com/news/us-news/artemis-crew-propose-name-moon-crater-astronauts-late-wife-emotional-m-rcna267093,NBC
https://nbcnews.com/science/space/photos-nasa-artemis-ii-moon-rcna266560,NBC
https://nbcnews.com/science/space/artemis-ii-astronauts-moon-lunar-sphere-influence-nasa-rcna266631,NBC
https://nbcnews.com/science/space/artemis-ii-astronauts-interview-space-moon-far-side-nasa-rcna266564,NBC
https://nbcnews.com/science/space/photos-artemis-moon-earth-space-rcna266665,NBC
https://nbcnews.com/science/science-news/native-americans-dice-games-probability-study-rcna266426,NBC
https://nbcnews.com/science/space/artemis-ii-astronauts-moon-path-toilet-email-issues-rcna266448,NBC
https://nbcnews.com/science/space/nasa-artemis-ii-moon-mission-schedule-timeline-astronauts-rcna255635,NBC
https://nbcnews.com/science/space/nasa-artemis-ii-moon-launch-florida-visitors-excitement-rcna255634,NBC
https://nbcnews.com/science/space/artemis-ii-astronauts-names-who-are-nasa-moon-mission-rcna265105,NBC
https://nbcnews.com/science/space/artemis-ii-nasa-moon-launch-time-astronauts-how-watch-what-know-rcna255627,NBC
https://nbcnews.com/data-graphics/trump-approval-rating-poll-president-second-term-rcna202372,NBC
https://nbcnews.com/world/russia-ukraine-news,NBC
https://nbcnews.com/world/middle-east/hezbollah-irans-powerful-proxy-lebanon-rcna341015,NBC
https://nbcnews.com/world/israel/israel-lebanon-border-escalating-war-felt-unevenly-rcna331683,NBC
https://nbcnews.com/world/iran-war,NBC
https://nbcnews.com/world/europe/rat-poison-found-hipp-baby-food-jar-austria-police-say-rcna340847,NBC
https://nbcnews.com/world/europe/nathalie-baye-french-actor-known-warmth-versatility-dies-77-rcna340848,NBC
https://nbcnews.com/world/canada/mark-carney-says-canadas-economic-ties-us-are-weakness-must-corrected-rcna340935,NBC
https://nbcnews.com/world/asia/north-korea-tests-cluster-munitions-launch-observed-kim-daughter-rcna340936,NBC
https://nbcnews.com/world/asia/fire-destroys-1000-homes-malaysian-coastal-village-borneo-island-rcna340934,NBC
https://nbcnews.com/world/asia/airline-adding-bunk-beds-economy-travelers-bans-snacks-smells-cuddling-rcna332293,NBC
https://nbcnews.com/tech/internet/vookum-watch-influencer-jail-facebook-scam-rcna264494,NBC
https://nbcnews.com/tech/cyber-security,NBC
https://nbcnews.com/subscriber/home,NBC
https://nbcnews.com/subscribe/supplemental-terms,NBC
https://nbcnews.com/sports/world-cup/path-to-glory,NBC
https://nbcnews.com/sports/world-cup,NBC
https://nbcnews.com/sports/sports/matt-fitzpatrick-delivers-another-playoff-winner-to-beat-scottie-scheffler-at-rbc-heritage-ncna1431446,NBC
https://nbcnews.com/sports/olympics/sign-sports-desk-reporting-olympics-super-bowl-world-cup-rcna256648,NBC
https://nbcnews.com/sports/nfl/chris-simms-final-2026-nfl-mock-draft-jets-pick-arvell-reese-commanders-trade-up-for-carnell-tate-ncna1431507,NBC
https://nbcnews.com/sports/nba/five-takeaways-from-first-weekend-of-2026-nba-playoffs-detroit-shouldnt-panic-yet-ncna1431506,NBC
https://nbcnews.com/select/tech/personal-tech,NBC
https://nbcnews.com/select/deal-of-the-day,NBC
https://nbcnews.com/pop-culture/pop-culture-news/strokes-condemns-us-foreign-intervention-coachella-rcna340878,NBC
https://nbcnews.com/pop-culture/pop-culture-news/lee-cronins-mummy-no-match-super-mario-hail-mary-box-office-rcna340941,NBC
https://nbcnews.com/pop-culture/pop-culture-news/eddie-murphy-receives-life-achievement-award-afi-rcna340852,NBC
https://nbcnews.com/pop-culture/pop-culture-news/cher-files-conservatorship-son-elijah-blue-rcna340851,NBC
https://nbcnews.com/politics/white-house,NBC
https://nbcnews.com/politics/trump-tariffs,NBC
https://nbcnews.com/politics/trump-administration/us-military-strike-alleged-drug-boat-kills-3-caribbean-sea-rcna340915,NBC
https://nbcnews.com/politics/trump-administration/excutive-order-psychedelic-drugs-ibogaine-mental-health-research-rcna340790,NBC
https://nbcnews.com/politics/supreme-court,NBC
https://nbcnews.com/politics/politics-news/jenna-bush-hager-presidents-bush-clinton-obama-biden-250th-anniversary-rcna340951,NBC
https://nbcnews.com/politics/justice-department/fbi-warns-parents-violent-764-group-targeting-children-online-rcna267451,NBC
https://nbcnews.com/politics/justice-department,NBC
https://nbcnews.com/politics/immigration,NBC
https://nbcnews.com/politics/elections/group-chats-meetings-republicans-are-privately-petrified-iran-war-cost-rcna273642,NBC
https://nbcnews.com/politics/elections/democrats-want-full-2024-election-autopsy-released-no-matter-findings-rcna331464,NBC
https://nbcnews.com/politics/elections,NBC
https://nbcnews.com/politics/donald-trump/new-poll-trump-support-young-americans-significantly-changing-rcna331463,NBC
https://nbcnews.com/politics/donald-trump,NBC
https://nbcnews.com/politics/congress,NBC
https://nbcnews.com/politics/2026-election,NBC
https://nbcnews.com/politics/2024-election/vote-watch,NBC
https://nbcnews.com/news/us-news/weekend-rundown-april-19-rcna332387,NBC
https://nbcnews.com/news/us-news/us-iran-swap-threats-mass-shooting-louisiana-morning-rundown-rcna340829,NBC
https://nbcnews.com/news/us-news/students-injured-shooting-university-iowa-rcna340850,NBC
https://nbcnews.com/news/us-news/omaha-toddler-walmart-kidnapping-attempt-woman-shot-noemi-guzman-rcna332022,NBC
https://nbcnews.com/news/us-news/louisiana-shreveport-mass-shooting-rcna340868,NBC
https://nbcnews.com/news/us-news/los-angeles-woman-arrested-iranian-arms-trafficking-charge-rcna340932,NBC
https://nbcnews.com/news/us-news/hot-air-balloon-lands-california-backyard-rcna340858,NBC
https://nbcnews.com/news/us-news/epstein-lured-girls-zorro-ranch-new-mexico-investigation-jeffrey-rcna261370,NBC
https://nbcnews.com/news/us-news/epstein-files-zorro-ranch-new-mexico-survivor-alleged-sexual-abuse-rcna266917,NBC
https://nbcnews.com/news/us-news/daniel-serafini-convicted-murder-plot-mlb-pitcher-owed-money-in-laws-rcna332046,NBC
https://nbcnews.com/news/us-news/california-warehouse-worker-accused-arson-raged-online-capitalism-rcna331983,NBC
https://nbcnews.com/news/us-news/brazilian-fitness-influencer-drowns-ironman-triathlon-texas-rcna341012,NBC
https://nbcnews.com/news/us-news/bodycam-video-released-chicago-officer-fatally-shot-partner-rcna332420,NBC
https://nbcnews.com/news/us-news/2-us-embassy-staffers-2-mexican-law-enforcement-officials-die-accident-rcna340903,NBC
https://nbcnews.com/news/nbc-news-now-live-audio-listen-live-news-audio-day-rcna70163,NBC
https://nbcnews.com/news/europe,NBC
https://nbcnews.com/news/crime-courts,NBC
https://nbcnews.com/news/china,NBC
https://nbcnews.com/news/asia,NBC
https://nbcnews.com/news/africa,NBC
https://nbcnews.com/information/nbc-news-info/closed-captioning-n1307063,NBC
https://nbcnews.com/health/cancer/pancreatic-cancer-mrna-vaccine-shows-lasting-results-early-trial-rcna331969,NBC
https://nbcnews.com/health/aging/supplements-placebo-effect-biohacking-longevity-influencers-rcna266458,NBC
https://nbcnews.com/health/aging,NBC
https://nbcnews.com/business/personal-finance/vibecession-economic-data-consumers-rcna331914,NBC
https://nbcnews.com/business/personal-finance/irs-tax-refund-tips-savings-rcna331492,NBC
https://nbcnews.com/business/personal-finance,NBC
https://nbcnews.com/business/media/unlikely-coalition-fighting-block-merger-reshape-local-tv-rcna331551,NBC
https://nbcnews.com/business/markets/stocks-gas-prices-inflation-jobs-rcna331617,NBC
https://nbcnews.com/business/economy/world-cup-olympics-tickets-prices-leisure-class-rcna273720,NBC
https://nbcnews.com/business/economy/europe-maybe-6-weeks-jet-fuel-left-energy-agency-head-says-rcna332122,NBC
https://nbcnews.com/business/economy,NBC
https://nbcnews.com/business/consumer/iran-wars-hidden-cost-higher-prices-plastic-rcna331917,NBC
https://nbcnews.com/business/consumer/consumer-plan-fly-spirit-airlines-rcna332374,NBC
https://nbcnews.com/business/consumer,NBC
https://nbcnews.com/business/ceo-interviews,NBC
https://nbcnews.com/business/business-news/us-set-launch-tariff-refund-system-april-20-rcna332018,NBC
https://nbcnews.com/account/subscription,NBC
https://nbcnews.com/account/saved,NBC
https://nbcnews.com/account/profile,NBC
https://nbcnews.com/account/preferences,NBC
https://link.nbcnews.com/join/5cj/nbc-news-politics-signup,NBC
